loanid,customerid,loanamount,interestrate,loantype,loanstatus,loandate						
LN10004,CUST1291,344746,15.91,Personal Loan,Closed,2025-03-30						
LN10005,CUST1480,4402892,16.96,Personal Loan,Closed,2023-10-02						
LN10006,CUST1150,1752159,11.35,Business Loan,Closed,2025-07-28						
LN10008,CUST1236,3852177,12.66,Business Loan,Defaulted,2023-07-15						
LN10011,CUST1340,173950,13.94,Business Loan,Defaulted,2024-05-06						
LN10014,CUST1248,1203224,7.96,Personal Loan,Late,2023-08-24						
LN10016,CUST1448,2700235,12.63,Auto Loan,Closed,2024-12-23						
LN10018,CUST1322,1790534,8.62,Home Loan,Closed,2025-01-25						
LN10021,CUST1406,2353554,18.13,Auto Loan,Closed,2023-05-13						
LN10028,CUST1405,677220,14.21,Personal Loan,Late,2023-05-29						
LN10033,CUST1100,1515744,17.57,Auto Loan,Late,2025-08-27						
LN10035,CUST1489,3294424,16.30,Education Loan,Late,2023-04-10						
LN10037,CUST1238,4011676,17.63,Personal Loan,Closed,2025-02-01						
LN10039,CUST1041,2288673,20.13,Business Loan,Late,2025-05-25						
LN10040,CUST1165,1673154,6.43,Business Loan,Closed,2023-04-09						
LN10044,CUST1157,4827402,13.72,Home Loan,Late,2024-02-09						
LN10047,CUST1157,771037,8.90,Home Loan,Defaulted,2025-07-27						
LN10049,CUST1133,2849250,16.40,Auto Loan,Late,2024-11-29						
LN10050,CUST1066,1071469,16.91,Home Loan,Closed,2023-11-03						
LN10051,CUST1335,2431306,8.47,Auto Loan,Closed,2023-03-09						
LN10052,CUST1006,2942371,16.12,Home Loan,Late,2025-11-17						
LN10057,CUST1404,2201061,11.05,Home Loan,Closed,2025-03-13						
LN10058,CUST1162,4000511,5.27,Business Loan,Late,2023-01-21						
LN10061,CUST1129,2686722,11.03,Business Loan,Late,2025-09-18						
LN10065,CUST1275,1890083,15.11,Education Loan,Late,2023-01-20						
LN10066,CUST1465,1126941,11.33,Personal Loan,Closed,2023-11-17						
LN10067,CUST1255,515982,10.66,Education Loan,Defaulted,2024-06-24						
LN10068,CUST1265,2588568,20.04,Personal Loan,Defaulted,2024-10-21						
LN10071,CUST1280,1439330,9.82,Education Loan,Defaulted,2023-11-07						
LN10073,CUST1309,2459381,11.76,Education Loan,Defaulted,2023-03-03						
LN10074,CUST1288,4802820,13.73,Auto Loan,Late,2023-10-21						
LN10075,CUST1163,3620599,9.31,Auto Loan,Closed,2024-01-22						
LN10076,CUST1094,2993295,21.79,Auto Loan,Closed,2024-02-26						
LN10077,CUST1269,3333616,9.96,Personal Loan,Defaulted,2024-09-29						
LN10078,CUST1320,127175,18.10,Personal Loan,Defaulted,2024-11-04						
LN10082,CUST1237,3061786,10.67,Personal Loan,Closed,2024-10-30						
LN10084,CUST1435,1608242,20.56,Home Loan,Closed,2024-08-21						
LN10086,CUST1482,4369453,5.60,Personal Loan,Closed,2024-10-27						
LN10088,CUST1389,213834,11.99,Auto Loan,Closed,2025-10-03						
LN10092,CUST1481,1375569,13.49,Business Loan,Closed,2023-08-21						
LN10095,CUST1481,3258823,18.33,Education Loan,Late,2023-11-12						
LN10096,CUST1451,3675654,12.13,Business Loan,Closed,2023-02-08						
LN10097,CUST1024,335711,13.50,Personal Loan,Late,NULL						
LN10100,CUST1172,3381106,8.42,Education Loan,Late,2024-02-21						
LN10794,CUST1111,2834067,16.02,Education Loan,Defaulted,2025-12-22						
LN10795,CUST1056,1424073,8.94,Personal Loan,Closed,2024-12-11						
LN10796,CUST1065,2585394,16.58,Education Loan,Defaulted,2023-11-28						
LN10798,CUST1097,4422352,5.80,Education Loan,Closed,2024-12-15						
LN10799,CUST1143,1474663,10.43,Business Loan,Late,2023-08-17						
LN10003,CUST1141,2581086,14.41,Auto Loan,Active,2025-09-06						
LN10007,CUST1113,3807985,14.58,Auto Loan,Active,2025-08-24						
LN10009,CUST1065,2053426,16.42,Auto Loan,Active,2023-10-07						
LN10010,CUST1360,3401463,14.92,Business Loan,Active,2025-08-13						
LN10102,CUST1011,472381,11.93,Home Loan,Closed,2025-11-09						
LN10109,CUST1333,510796,11.95,Personal Loan,Late,2024-11-24						
LN10111,CUST1145,362023,6.90,Business Loan,Closed,2024-03-22						
LN10112,CUST1476,3255599,13.78,Home Loan,Defaulted,2025-04-03						
LN10113,CUST1315,4736166,18.37,Education Loan,Closed,2023-02-11						
LN10115,CUST1389,805111,17.70,Home Loan,Closed,2025-12-21						
LN10116,CUST1159,2370715,17.25,Personal Loan,Closed,2023-06-25						
LN10117,CUST1348,2284805,19.05,Business Loan,Closed,2024-12-29						
LN10118,CUST1042,4354459,12.59,Education Loan,Defaulted,2025-07-31						
LN10119,CUST1253,1949054,18.70,Business Loan,Late,2023-11-04						
LN10120,CUST1129,3507550,5.14,Personal Loan,Closed,2024-07-27						
LN10122,CUST1150,4224482,12.54,Education Loan,Closed,2024-07-06						
LN10124,CUST1286,138668,9.33,Education Loan,Late,2024-10-10						
LN10127,CUST1466,1974914,19.83,Education Loan,Defaulted,2024-03-13						
LN10128,CUST1417,4060162,19.08,Education Loan,Closed,2023-01-26						
LN10131,CUST1129,2820374,18.37,Home Loan,Late,2023-01-28						
LN10133,CUST1266,3095915,11.35,Personal Loan,Late,2023-06-09						
LN10135,CUST1252,4159803,8.94,Business Loan,Defaulted,2025-01-08						
LN10136,CUST1414,412455,10.42,Business Loan,Defaulted,2025-08-24						
LN10140,CUST1470,3150581,10.93,Personal Loan,Closed,2023-03-25						
LN10142,CUST1392,3722277,18.51,Home Loan,Closed,2025-07-18						
LN10147,CUST1189,2438229,5.23,Auto Loan,Closed,2023-12-10						
LN10148,CUST1493,3171881,10.03,Education Loan,Late,2023-07-31						
LN10149,CUST1370,4904042,12.81,Personal Loan,Closed,2025-09-25						
LN10151,CUST1079,3880121,17.27,Business Loan,Late,2023-09-05						
LN10152,CUST1399,3612944,11.54,Home Loan,Closed,2025-06-07						
LN10153,CUST1251,1403324,13.32,Business Loan,Late,2024-07-14						
LN10157,CUST1102,4446720,14.04,Business Loan,Closed,2023-11-26						
LN10161,CUST1358,1419277,10.87,Education Loan,Closed,2025-02-14						
LN10162,CUST1379,799971,12.04,Personal Loan,Closed,2023-09-26						
LN10165,CUST1307,4510276,7.07,Business Loan,Closed,2023-11-05						
LN10166,CUST1419,4125837,15.79,Business Loan,Late,2023-11-13						
LN10167,CUST1123,1392057,14.90,Business Loan,Closed,2024-12-24						
LN10168,CUST1421,2283706,7.01,Education Loan,Late,2025-09-25						
LN10169,CUST1230,535757,8.60,Business Loan,Defaulted,2023-06-14						
LN10170,CUST1177,2104376,10.29,Education Loan,Closed,2024-06-29						
LN10172,CUST1484,1235111,9.14,Personal Loan,Closed,2024-07-07						
LN10173,CUST1115,2442919,9.55,Home Loan,Closed,2024-12-09						
LN10174,CUST1190,1550948,10.71,Personal Loan,Closed,2025-10-21						
LN10180,CUST1091,2754716,19.81,Personal Loan,Defaulted,2025-09-12						
LN10184,CUST1228,4435724,8.46,Auto Loan,Closed,NULL						
LN10187,CUST1182,2125915,14.78,Personal Loan,Closed,2025-05-25						
LN10189,CUST1061,3395647,21.07,Personal Loan,Late,2025-03-17						
LN10190,CUST1218,3950379,16.84,Business Loan,Late,2023-10-27						
LN10193,CUST1229,697341,12.46,Business Loan,Closed,2024-08-20						
LN10197,CUST1470,1251838,18.00,Business Loan,Late,2023-03-04						
LN10199,CUST1375,4529825,18.14,Business Loan,Closed,2024-02-05						
LN10012,CUST1257,4573942,9.24,Education Loan,Active,2023-09-10						
LN10013,CUST1474,4844821,5.03,Business Loan,Active,2023-07-02						
LN10200,CUST1422,3635681,21.17,Business Loan,Closed,2025-03-09						
LN10203,CUST1012,2145588,19.57,Auto Loan,Late,2025-01-31						
LN10205,CUST1473,4254955,11.94,Home Loan,Closed,2024-02-14						
LN10211,CUST1484,2480721,16.85,Personal Loan,Defaulted,2024-04-11						
LN10215,CUST1464,4500252,8.46,Personal Loan,Defaulted,2023-08-19						
LN10217,CUST1496,911069,9.85,Business Loan,Closed,2025-10-26						
LN10221,CUST1404,2849131,11.88,Home Loan,Defaulted,2024-08-07						
LN10225,CUST1116,211445,16.01,Home Loan,Defaulted,2023-09-16						
LN10230,CUST1111,560370,13.15,Auto Loan,Closed,2025-11-19						
LN10231,CUST1251,1802374,8.09,Business Loan,Closed,2023-06-30						
LN10237,CUST1435,1411303,13.73,Business Loan,Defaulted,2025-07-11						
LN10238,CUST1412,4251765,21.82,Home Loan,Late,2024-09-10						
LN10239,CUST1421,2944100,8.94,Auto Loan,Late,2025-10-01						
LN10240,CUST1041,4716805,21.02,Home Loan,Late,2023-01-12						
LN10241,CUST1020,1247162,5.73,Education Loan,Closed,2025-08-18						
LN10242,CUST1041,1096161,12.59,Business Loan,Closed,2023-09-07						
LN10244,CUST1112,1829685,17.40,Personal Loan,Closed,2025-10-08						
LN10247,CUST1016,723218,11.37,Home Loan,Defaulted,2024-02-03						
LN10250,CUST1424,4952059,10.95,Education Loan,Late,2023-06-04						
LN10253,CUST1059,4259738,19.13,Business Loan,Late,2023-04-06						
LN10254,CUST1047,769407,19.32,Auto Loan,Closed,2023-04-21						
LN10258,CUST1241,378821,6.76,Auto Loan,Late,2024-01-09						
LN10259,CUST1313,2230707,5.83,Home Loan,Closed,2025-04-09						
LN10263,CUST1283,3677447,13.86,Home Loan,Late,2025-06-16						
LN10265,CUST1246,118803,16.52,Auto Loan,Closed,2025-08-05						
LN10267,CUST1263,798736,5.25,Home Loan,Closed,2023-04-16						
LN10268,CUST1442,749539,8.52,Education Loan,Late,2023-07-26						
LN10269,CUST1213,295404,17.13,Auto Loan,Closed,2024-08-15						
LN10271,CUST1432,838443,16.26,Personal Loan,Closed,2025-05-23						
LN10272,CUST1078,3705074,10.90,Home Loan,Defaulted,2023-11-14						
LN10274,CUST1443,4812606,7.70,Personal Loan,Late,2023-11-03						
LN10275,CUST1342,3076394,9.39,Education Loan,Closed,2024-12-07						
LN10276,CUST1343,1277146,15.29,Personal Loan,Late,2023-10-03						
LN10277,CUST1172,2930304,12.36,Auto Loan,Closed,2025-11-04						
LN10281,CUST1427,4751669,17.89,Business Loan,Late,2024-06-23						
LN10282,CUST1448,3815056,10.22,Auto Loan,Defaulted,2024-09-03						
LN10283,CUST1086,3375315,12.05,Personal Loan,Closed,2024-04-22						
LN10286,CUST1332,2896274,15.00,Home Loan,Defaulted,2024-05-31						
LN10289,CUST1042,426794,19.65,Education Loan,Closed,2025-11-06						
LN10294,CUST1482,832877,14.94,Business Loan,Late,2025-06-14						
LN10298,CUST1147,3349973,21.29,Auto Loan,Defaulted,2025-07-07						
LN10015,CUST1456,4282851,6.99,Business Loan,Active,2023-04-11						
LN10017,CUST1330,4790039,15.41,Business Loan,Active,2025-01-06						
LN10019,CUST1179,3941839,20.96,Auto Loan,Active,2024-01-30						
LN10020,CUST1189,1354766,5.11,Home Loan,Active,2025-03-01						
LN10022,CUST1153,3448147,15.63,Personal Loan,Active,2024-06-22						
LN10023,CUST1195,4998409,11.35,Personal Loan,Active,2023-11-13						
LN10024,CUST1465,4070120,5.86,Personal Loan,Active,2023-05-01						
LN10025,CUST1310,2996862,15.67,Home Loan,Active,2025-10-21						
LN10026,CUST1261,2726517,11.56,Education Loan,Active,2023-07-16						
LN10027,CUST1418,4357086,20.92,Auto Loan,Active,2025-06-08						
LN10029,CUST1426,493316,20.97,Auto Loan,Active,2023-07-11						
LN10030,CUST1142,3567741,8.75,Home Loan,Active,2024-07-17						
LN10031,CUST1341,3506653,17.34,Education Loan,Active,2024-06-29						
LN10032,CUST1315,525595,15.49,Home Loan,Active,2025-03-29						
LN10034,CUST1243,1938806,8.65,Education Loan,Active,2025-10-30						
LN10300,CUST1231,2349899,14.34,Personal Loan,Closed,NULL						
LN10304,CUST1227,3529027,8.83,Business Loan,Defaulted,2025-07-05						
LN10305,CUST1138,3255228,13.99,Personal Loan,Late,2023-02-08						
LN10308,CUST1210,485477,9.73,Auto Loan,Late,2024-06-05						
LN10310,CUST1498,4246656,19.00,Personal Loan,Defaulted,2023-05-01						
LN10312,CUST1050,3010033,18.21,Auto Loan,Late,2023-12-16						
LN10313,CUST1490,1631420,18.97,Personal Loan,Defaulted,2023-04-22						
LN10314,CUST1441,836261,12.85,Personal Loan,Late,2023-07-17						
LN10315,CUST1260,3544708,21.72,Personal Loan,Closed,2025-09-21						
LN10317,CUST1349,4294402,18.15,Auto Loan,Late,2025-03-23						
LN10320,CUST1319,176060,8.69,Home Loan,Closed,2025-09-19						
LN10321,CUST1137,4374848,12.89,Auto Loan,Defaulted,2024-08-25						
LN10322,CUST1037,2846461,9.49,Auto Loan,Late,2023-03-10						
LN10324,CUST1479,2894180,20.10,Education Loan,Defaulted,2025-05-23						
LN10325,CUST1367,2671578,19.01,Personal Loan,Closed,2023-12-14						
LN10330,CUST1255,2989362,8.42,Home Loan,Late,2023-01-16						
LN10331,CUST1359,612060,13.74,Auto Loan,Closed,2023-08-31						
LN10332,CUST1408,1556145,17.52,Home Loan,Closed,2025-08-02						
LN10333,CUST1328,2698202,12.42,Auto Loan,Late,2024-10-06						
LN10335,CUST1462,4939084,6.60,Personal Loan,Defaulted,2024-09-15						
LN10337,CUST1450,1592247,18.82,Home Loan,Late,2025-11-02						
LN10339,CUST1291,2231906,21.44,Personal Loan,Late,2025-04-21						
LN10342,CUST1077,2654884,20.87,Business Loan,Defaulted,2023-04-06						
LN10344,CUST1168,4324692,16.46,Auto Loan,Closed,2023-05-29						
LN10346,CUST1377,289779,12.92,Education Loan,Closed,2024-04-06						
LN10355,CUST1346,1668963,6.36,Home Loan,Closed,2024-06-29						
LN10356,CUST1487,640381,10.31,Personal Loan,Late,2025-08-09						
LN10358,CUST1373,3733909,5.29,Auto Loan,Closed,2024-05-19						
LN10359,CUST1268,1589600,20.58,Business Loan,Closed,2025-11-04						
LN10361,CUST1159,4282939,10.25,Business Loan,Closed,2023-09-13						
LN10365,CUST1287,1466953,20.95,Auto Loan,Closed,2025-04-01						
LN10366,CUST1379,2744245,12.05,Education Loan,Closed,2024-08-30						
LN10369,CUST1009,959245,6.18,Auto Loan,Late,2024-10-06						
LN10372,CUST1423,3339791,16.49,Education Loan,Late,2025-01-20						
LN10373,CUST1401,642632,7.35,Business Loan,Closed,2024-03-03						
LN10374,CUST1182,4087106,14.84,Personal Loan,Closed,2024-04-28						
LN10375,CUST1456,4805185,14.68,Personal Loan,Defaulted,2025-05-22						
LN10376,CUST1152,4804896,19.76,Business Loan,Late,2025-09-15						
LN10380,CUST1123,464299,15.76,Education Loan,Late,2025-12-25						
LN10381,CUST1472,2431486,12.98,Education Loan,Closed,2023-08-06						
LN10383,CUST1277,4211900,13.40,Auto Loan,Late,2024-12-04						
LN10388,CUST1171,685719,21.14,Auto Loan,Late,2024-09-10						
LN10390,CUST1434,858258,11.16,Business Loan,Defaulted,2023-02-15						
LN10391,CUST1173,4574474,19.68,Business Loan,Closed,2025-02-26						
LN10393,CUST1375,3614462,20.73,Auto Loan,Late,2025-01-26						
LN10397,CUST1031,1256751,21.56,Personal Loan,Late,2025-03-13						
LN10036,CUST1011,2198091,13.47,Home Loan,Active,2025-07-21						
LN10038,CUST1048,1810462,10.56,Auto Loan,Active,2024-09-06						
LN10041,CUST1081,4108848,18.72,Home Loan,Active,2025-02-03						
LN10042,CUST1428,3530826,19.64,Auto Loan,Active,2024-04-18						
LN10043,CUST1290,859178,18.89,Auto Loan,Active,2023-11-25						
LN10402,CUST1267,2487245,12.04,Auto Loan,Defaulted,2025-11-28						
LN10407,CUST1396,1388530,21.13,Business Loan,Late,2024-05-11						
LN10409,CUST1125,2231913,16.65,Education Loan,Late,2024-06-09						
LN10412,CUST1359,2813398,12.71,Personal Loan,Late,2023-10-09						
LN10414,CUST1134,452980,16.66,Education Loan,Closed,2024-08-21						
LN10415,CUST1150,1088336,20.47,Home Loan,Late,2025-02-22						
LN10418,CUST1202,1499087,19.99,Home Loan,Closed,2024-03-23						
LN10423,CUST1344,1436689,17.59,Business Loan,Defaulted,2024-06-21						
LN10426,CUST1284,2896230,16.94,Auto Loan,Closed,2025-11-09						
LN10429,CUST1257,3728621,20.57,Home Loan,Defaulted,NULL						
LN10431,CUST1212,1347991,9.19,Auto Loan,Defaulted,2024-07-16						
LN10432,CUST1462,3781404,16.74,Home Loan,Late,2025-12-30						
LN10437,CUST1462,209292,11.38,Business Loan,Late,2024-12-03						
LN10438,CUST1498,4741066,18.60,Home Loan,Late,2023-04-14						
LN10440,CUST1087,513937,7.13,Education Loan,Closed,2024-07-19						
LN10441,CUST1043,3014391,8.41,Business Loan,Late,2024-04-22						
LN10442,CUST1460,2731206,8.68,Personal Loan,Late,2025-02-23						
LN10446,CUST1188,2907281,20.99,Home Loan,Late,2025-01-08						
LN10448,CUST1183,4884777,7.17,Business Loan,Closed,2023-10-22						
LN10452,CUST1018,801518,16.38,Personal Loan,Late,2024-11-14						
LN10454,CUST1412,3981586,10.20,Personal Loan,Closed,2023-06-21						
LN10463,CUST1135,2051676,12.45,Personal Loan,Late,2023-07-18						
LN10464,CUST1361,1734532,14.01,Auto Loan,Late,2024-09-11						
LN10466,CUST1143,1522542,7.82,Auto Loan,Closed,2025-04-19						
LN10467,CUST1071,4523014,6.95,Auto Loan,Late,2023-05-27						
LN10469,CUST1363,612621,7.64,Auto Loan,Defaulted,2023-02-26						
LN10470,CUST1260,3579801,8.52,Personal Loan,Late,2025-08-30						
LN10473,CUST1387,4244463,5.35,Home Loan,Late,2025-06-25						
LN10478,CUST1361,1206083,21.58,Auto Loan,Closed,2024-11-20						
LN10479,CUST1353,2024324,7.89,Education Loan,Closed,2023-05-13						
LN10480,CUST1490,3948190,20.27,Personal Loan,Late,2025-02-02						
LN10486,CUST1230,4581211,19.10,Auto Loan,Late,2024-04-15						
LN10487,CUST1218,2634182,17.01,Personal Loan,Late,2023-10-11						
LN10489,CUST1065,4649757,7.65,Personal Loan,Closed,2024-09-11						
LN10492,CUST1012,2847921,10.16,Home Loan,Closed,2023-09-28						
LN10494,CUST1499,319160,5.05,Personal Loan,Late,2025-05-05						
LN10495,CUST1419,2619931,7.96,Business Loan,Closed,2025-10-27						
LN10497,CUST1233,628526,12.51,Education Loan,Defaulted,2024-07-04						
LN10045,CUST1215,4720817,12.45,Auto Loan,Active,2025-04-25						
LN10046,CUST1489,2612605,21.94,Personal Loan,Active,2024-05-11						
LN10048,CUST1461,3282244,14.30,Personal Loan,Active,2024-04-19						
LN10053,CUST1435,1862336,18.91,Auto Loan,Active,2023-10-16						
LN10054,CUST1013,4383848,5.85,Personal Loan,Active,2023-03-10						
LN10055,CUST1072,513001,20.50,Personal Loan,Active,2023-09-16						
LN10056,CUST1398,3230246,5.50,Auto Loan,Active,2024-12-25						
LN10059,CUST1065,2872136,6.31,Personal Loan,Active,2025-03-29						
LN10060,CUST1346,565693,20.49,Personal Loan,Active,2025-05-24						
LN10062,CUST1418,289017,12.22,Auto Loan,Active,2025-03-26						
LN10063,CUST1465,464994,8.66,Home Loan,Active,2025-09-30						
LN10064,CUST1205,991768,15.15,Auto Loan,Active,2023-06-05						
LN10069,CUST1024,323146,11.52,Personal Loan,Active,2024-12-30						
LN10070,CUST1449,1214795,13.39,Education Loan,Active,2023-05-29						
LN10072,CUST1252,2727747,18.38,Auto Loan,Active,2025-12-13						
LN10079,CUST1109,2735747,12.27,Education Loan,Active,2024-07-21						
LN10080,CUST1335,2128808,8.51,Personal Loan,Active,2025-06-22						
LN10081,CUST1309,1407453,18.60,Education Loan,Active,2023-05-21						
LN10083,CUST1380,145028,19.71,Home Loan,Active,2024-07-21						
LN10085,CUST1386,4735754,19.62,Education Loan,Active,2024-08-19						
LN10087,CUST1424,4998008,18.39,Personal Loan,Active,2023-04-14						
LN10502,CUST1208,2313429,11.18,Auto Loan,Defaulted,2025-05-14						
LN10504,CUST1013,4325115,10.90,Education Loan,Defaulted,2023-01-14						
LN10505,CUST1120,2926280,14.30,Personal Loan,Closed,2023-07-16						
LN10507,CUST1436,1466842,16.29,Business Loan,Defaulted,2025-09-08						
LN10513,CUST1222,3980010,20.99,Education Loan,Closed,2025-10-23						
LN10516,CUST1210,1010652,13.00,Home Loan,Late,2024-02-27						
LN10517,CUST1100,2238370,16.15,Business Loan,Closed,2023-12-09						
LN10518,CUST1185,1598485,14.51,Business Loan,Late,2025-08-19						
LN10520,CUST1110,3375495,16.19,Education Loan,Closed,2023-09-14						
LN10521,CUST1380,3435744,6.99,Business Loan,Late,2025-06-25						
LN10522,CUST1131,805612,18.60,Auto Loan,Closed,2024-06-29						
LN10523,CUST1019,4044528,7.09,Home Loan,Closed,2024-10-16						
LN10528,CUST1292,2012889,20.13,Personal Loan,Late,2025-01-05						
LN10530,CUST1468,4076390,13.67,Business Loan,Late,2023-08-10						
LN10531,CUST1309,1446436,17.52,Business Loan,Late,2023-02-11						
LN10534,CUST1404,1638236,11.85,Personal Loan,Late,2023-01-27						
LN10535,CUST1201,4755815,21.49,Business Loan,Late,2023-05-13						
LN10539,CUST1187,3474083,7.24,Education Loan,Closed,2023-01-15						
LN10541,CUST1428,2951092,7.81,Education Loan,Closed,2025-08-13						
LN10551,CUST1228,2149409,9.30,Personal Loan,Late,2024-05-05						
LN10554,CUST1054,4587871,10.74,Home Loan,Closed,2025-09-07						
LN10555,CUST1499,341464,17.40,Auto Loan,Late,2024-02-11						
LN10557,CUST1375,2723829,10.74,Home Loan,Closed,2024-05-17						
LN10558,CUST1253,168581,21.80,Business Loan,Closed,2023-02-13						
LN10559,CUST1023,3902256,5.43,Home Loan,Closed,2024-12-06						
LN10561,CUST1157,551590,13.84,Education Loan,Closed,2025-02-04						
LN10563,CUST1402,3410492,15.01,Auto Loan,Closed,2024-08-30						
LN10564,CUST1158,1680369,17.78,Business Loan,Closed,2025-03-04						
LN10566,CUST1059,4859479,15.20,Business Loan,Defaulted,2023-01-14						
LN10568,CUST1304,1408097,11.40,Business Loan,Defaulted,2024-03-07						
LN10572,CUST1405,2426219,8.39,Education Loan,Late,2025-02-25						
LN10576,CUST1029,214074,21.06,Personal Loan,Closed,2023-03-03						
LN10583,CUST1018,3644804,16.94,Home Loan,Closed,2023-05-15						
LN10587,CUST1349,4437373,16.97,Business Loan,Late,2024-08-27						
LN10588,CUST1182,856564,20.90,Home Loan,Late,2023-03-27						
LN10589,CUST1112,3968949,11.39,Business Loan,Defaulted,2024-09-12						
LN10595,CUST1112,4560579,15.99,Auto Loan,Defaulted,2024-11-07						
LN10596,CUST1250,729447,8.85,Personal Loan,Late,2025-09-13						
LN10597,CUST1475,1111404,16.39,Auto Loan,Defaulted,2024-01-03						
LN10599,CUST1302,2663987,18.15,Home Loan,Closed,2025-03-10						
LN10089,CUST1024,2417555,19.85,Business Loan,Active,2023-10-13						
LN10090,CUST1140,1279787,15.85,Education Loan,Active,2025-10-28						
LN10091,CUST1116,3062359,19.17,Business Loan,Active,2025-12-05						
LN10093,CUST1391,1466828,14.10,Education Loan,Active,2024-02-14						
LN10094,CUST1404,2464165,7.45,Personal Loan,Active,2023-05-30						
LN10098,CUST1078,1173389,18.35,Home Loan,Active,2025-10-16						
LN10099,CUST1067,625919,15.18,Education Loan,Active,2025-09-17						
LN10101,CUST1443,902746,15.03,Personal Loan,Active,2023-12-23						
LN10103,CUST1287,1026433,12.98,Home Loan,Active,2024-12-12						
LN10104,CUST1127,4704548,5.48,Personal Loan,Active,2023-11-04						
LN10105,CUST1095,2721252,8.57,Auto Loan,Active,2023-01-11						
LN10106,CUST1091,4950164,9.78,Education Loan,Active,2024-12-15						
LN10107,CUST1140,1570943,17.12,Education Loan,Active,2025-09-23						
LN10108,CUST1030,451067,5.20,Business Loan,Active,2024-12-06						
LN10110,CUST1019,1054001,20.71,Business Loan,Active,2025-03-04						
LN10114,CUST1446,3227902,21.02,Business Loan,Active,2023-03-01						
LN10602,CUST1117,2428907,9.73,Education Loan,Closed,2025-08-13						
LN10606,CUST1197,4931909,18.53,Auto Loan,Closed,2025-04-26						
LN10607,CUST1259,965113,17.81,Auto Loan,Defaulted,2024-03-01						
LN10609,CUST1239,2261549,10.71,Personal Loan,Defaulted,2024-05-29						
LN10612,CUST1398,473332,20.55,Personal Loan,Closed,2024-10-23						
LN10613,CUST1197,342575,8.22,Education Loan,Closed,2023-03-03						
LN10614,CUST1046,1509700,20.68,Home Loan,Late,2023-02-26						
LN10616,CUST1123,3251078,15.38,Home Loan,Closed,2025-08-25						
LN10617,CUST1074,1692425,8.40,Education Loan,Closed,2024-11-26						
LN10618,CUST1358,2657622,5.94,Home Loan,Late,2025-03-03						
LN10620,CUST1089,2822605,16.08,Personal Loan,Defaulted,2023-10-30						
LN10621,CUST1399,1497947,8.58,Home Loan,Closed,2024-02-19						
LN10625,CUST1137,726296,20.77,Education Loan,Closed,2025-04-03						
LN10626,CUST1049,429039,11.22,Education Loan,Late,2023-03-17						
LN10627,CUST1258,578714,10.41,Personal Loan,Closed,2025-11-26						
LN10628,CUST1460,2961190,17.74,Auto Loan,Closed,2024-09-18						
LN10640,CUST1402,3307945,8.27,Education Loan,Late,2024-04-18						
LN10641,CUST1425,3818950,10.03,Business Loan,Late,2025-07-02						
LN10642,CUST1034,192980,15.53,Business Loan,Closed,2025-12-24						
LN10644,CUST1409,2484003,13.61,Education Loan,Defaulted,2023-09-14						
LN10645,CUST1498,307354,10.96,Auto Loan,Defaulted,2024-07-05						
LN10646,CUST1068,3256943,20.52,Education Loan,Defaulted,2025-11-01						
LN10648,CUST1319,3365258,12.75,Education Loan,Closed,2025-08-10						
LN10649,CUST1420,4421545,16.53,Personal Loan,Defaulted,2025-04-07						
LN10650,CUST1467,2285883,14.23,Education Loan,Closed,2025-04-23						
LN10651,CUST1048,2600982,10.90,Auto Loan,Closed,2023-03-18						
LN10655,CUST1260,794748,7.42,Auto Loan,Closed,2023-09-26						
LN10661,CUST1230,1084186,21.74,Education Loan,Closed,2023-02-19						
LN10662,CUST1294,648506,20.96,Home Loan,Defaulted,2024-06-08						
LN10666,CUST1279,3013944,9.08,Home Loan,Late,2023-01-25						
LN10670,CUST1296,3998401,12.63,Education Loan,Closed,2023-08-25						
LN10671,CUST1181,174932,20.52,Auto Loan,Late,2023-10-25						
LN10672,CUST1173,318083,8.22,Personal Loan,Defaulted,2023-12-14						
LN10673,CUST1315,1801498,5.09,Auto Loan,Closed,2025-12-01						
LN10681,CUST1035,1445285,21.01,Business Loan,Late,2024-11-23						
LN10682,CUST1212,4726029,18.33,Business Loan,Closed,2023-10-31						
LN10683,CUST1413,2972705,12.86,Personal Loan,Defaulted,2023-07-15						
LN10684,CUST1407,2714749,19.70,Business Loan,Closed,2024-12-04						
LN10686,CUST1105,1456978,17.19,Personal Loan,Closed,2023-01-26						
LN10688,CUST1341,1034156,11.07,Personal Loan,Closed,2023-02-01						
LN10690,CUST1390,913659,10.02,Home Loan,Late,2023-06-09						
LN10693,CUST1219,1253920,12.48,Business Loan,Late,2023-01-23						
LN10695,CUST1119,3660954,20.98,Home Loan,Closed,2025-09-25						
LN10696,CUST1393,797852,15.26,Business Loan,Closed,2023-02-15						
LN10697,CUST1335,1206618,19.67,Auto Loan,Defaulted,2025-07-27						
LN10698,CUST1399,3961147,18.98,Personal Loan,Late,2025-05-27						
LN10699,CUST1181,1157810,7.95,Personal Loan,Late,2025-01-03						
LN10121,CUST1059,1600184,20.72,Business Loan,Active,2025-10-09						
LN10123,CUST1466,3323523,14.41,Home Loan,Active,2024-06-13						
LN10701,CUST1105,2964863,6.99,Auto Loan,Defaulted,2025-01-09						
LN10702,CUST1216,1871367,16.60,Home Loan,Closed,2024-06-14						
LN10703,CUST1204,3422863,21.15,Education Loan,Closed,2024-10-12						
LN10705,CUST1043,4582669,17.48,Business Loan,Closed,2023-05-20						
LN10706,CUST1328,1628315,15.75,Auto Loan,Late,2023-07-25						
LN10707,CUST1300,1399590,14.92,Auto Loan,Late,2024-07-11						
LN10711,CUST1083,2275541,8.70,Education Loan,Defaulted,2024-07-12						
LN10712,CUST1337,2861139,5.26,Home Loan,Closed,2025-02-08						
LN10717,CUST1195,3251473,16.89,Auto Loan,Late,2025-02-21						
LN10718,CUST1177,1148657,11.98,Personal Loan,Closed,2025-05-13						
LN10722,CUST1069,2561910,9.32,Business Loan,Late,2023-03-16						
LN10726,CUST1159,662181,11.15,Business Loan,Closed,2025-06-08						
LN10727,CUST1247,3695525,6.57,Personal Loan,Closed,2024-02-14						
LN10728,CUST1202,1700824,14.95,Business Loan,Closed,2025-04-18						
LN10732,CUST1431,331854,16.89,Education Loan,Closed,2023-12-21						
LN10734,CUST1404,710327,19.68,Business Loan,Closed,2025-05-04						
LN10735,CUST1425,1707153,8.79,Business Loan,Late,2023-01-27						
LN10736,CUST1153,4395398,19.84,Business Loan,Late,2023-05-29						
LN10740,CUST1141,1859858,9.19,Business Loan,Closed,2023-07-04						
LN10741,CUST1312,529083,12.20,Personal Loan,Defaulted,2025-01-02						
LN10744,CUST1020,4312627,18.29,Business Loan,Defaulted,2024-12-21						
LN10745,CUST1081,4634946,9.08,Auto Loan,Late,2025-01-07						
LN10747,CUST1130,4351400,6.97,Home Loan,Closed,2025-09-24						
LN10750,CUST1420,2962066,8.71,Education Loan,Late,2023-08-05						
LN10751,CUST1471,3820771,21.82,Home Loan,Defaulted,2025-01-29						
LN10752,CUST1304,1590724,14.77,Business Loan,Defaulted,2023-03-29						
LN10754,CUST1370,4612530,16.71,Business Loan,Defaulted,2023-08-22						
LN10759,CUST1444,1938529,18.50,Personal Loan,Defaulted,2024-02-13						
LN10760,CUST1424,1144316,7.69,Education Loan,Closed,2024-10-29						
LN10765,CUST1382,1778665,11.09,Auto Loan,Closed,2025-01-08						
LN10766,CUST1489,1211068,20.52,Auto Loan,Defaulted,2023-11-26						
LN10769,CUST1288,473177,7.37,Auto Loan,Closed,2024-07-28						
LN10770,CUST1080,692762,14.80,Personal Loan,Defaulted,2025-07-07						
LN10773,CUST1060,1256184,9.69,Home Loan,Closed,2024-06-24						
LN10776,CUST1441,3591815,16.55,Personal Loan,Closed,2024-09-02						
LN10777,CUST1042,96002,6.30,Home Loan,Closed,2024-01-31						
LN10778,CUST1168,4660146,12.15,Education Loan,Closed,2024-07-24						
LN10779,CUST1422,765339,15.23,Home Loan,Closed,2024-12-23						
LN10780,CUST1085,4189289,20.93,Auto Loan,Closed,2024-01-26						
LN10785,CUST1493,4639699,10.65,Auto Loan,Closed,2025-04-13						
LN10786,CUST1197,3894886,20.78,Education Loan,Late,2024-04-04						
LN10787,CUST1097,975779,19.36,Education Loan,Late,2023-10-29						
LN10788,CUST1064,2579832,8.81,Home Loan,Closed,2023-02-12						
LN10791,CUST1004,241387,18.15,Home Loan,Defaulted,2023-03-06						
LN10792,CUST1001,3682632,5.75,Education Loan,Closed,2023-09-12						
LN10793,CUST1021,4658474,16.79,Home Loan,Closed,2024-08-14						
LN10801,CUST1434,3341070,20.29,Auto Loan,Closed,2025-12-27						
LN10803,CUST1166,851955,12.55,Home Loan,Late,2024-07-13						
LN10805,CUST1075,2063148,14.04,Home Loan,Closed,2024-09-11						
LN10807,CUST1494,1569593,9.73,Auto Loan,Closed,2025-06-14						
LN10811,CUST1058,1780992,5.50,Home Loan,Late,2024-09-04						
LN10814,CUST1191,4201923,8.74,Education Loan,Defaulted,2025-10-20						
LN10816,CUST1318,3974221,17.07,Business Loan,Late,2023-07-19						
LN10818,CUST1447,99976,10.40,Education Loan,Closed,2025-12-03						
LN10821,CUST1276,3417611,10.32,Auto Loan,Closed,2023-07-21						
LN10822,CUST1019,4455813,19.22,Home Loan,Closed,2025-12-24						
LN10823,CUST1153,3692693,5.85,Auto Loan,Defaulted,2024-01-07						
LN10827,CUST1371,1445796,9.86,Auto Loan,Late,2025-09-02						
LN10831,CUST1231,4077902,18.28,Auto Loan,Closed,2025-02-09						
LN10833,CUST1078,3353364,12.55,Home Loan,Late,2024-09-08						
LN10835,CUST1115,1149577,16.19,Personal Loan,Late,2024-04-06						
LN10837,CUST1269,4673037,21.03,Education Loan,Closed,2024-02-12						
LN10838,CUST1410,3745727,9.03,Auto Loan,Late,2023-08-06						
LN10840,CUST1488,1581064,18.06,Business Loan,Late,2023-09-28						
LN10842,CUST1057,277189,12.37,Home Loan,Late,2024-01-06						
LN10843,CUST1283,2126198,9.24,Personal Loan,Closed,2025-05-14						
LN10851,CUST1386,1495065,17.12,Home Loan,Defaulted,2025-10-15						
LN10854,CUST1096,4559322,8.98,Education Loan,Closed,2023-01-16						
LN10858,CUST1261,834192,12.49,Education Loan,Late,2024-06-07						
LN10859,CUST1166,4680232,7.25,Auto Loan,Defaulted,2023-06-06						
LN10861,CUST1278,651891,15.53,Auto Loan,Closed,2023-08-15						
LN10863,CUST1378,2232926,18.26,Auto Loan,Closed,2025-08-04						
LN10864,CUST1177,2535670,21.96,Auto Loan,Closed,2025-12-03						
LN10865,CUST1426,3394250,8.25,Auto Loan,Closed,2025-04-03						
LN10869,CUST1266,587977,8.37,Auto Loan,Late,2024-06-29						
LN10870,CUST1267,2049014,6.12,Auto Loan,Closed,2023-08-22						
LN10871,CUST1073,3753292,20.08,Home Loan,Defaulted,2023-04-28						
LN10872,CUST1007,1608141,12.14,Personal Loan,Late,2025-08-25						
LN10874,CUST1475,2773408,20.59,Personal Loan,Closed,2023-03-07						
LN10875,CUST1296,1898058,18.20,Auto Loan,Closed,2023-01-25						
LN10876,CUST1163,4834808,7.22,Business Loan,Late,2023-12-19						
LN10877,CUST1484,2209173,14.61,Education Loan,Late,2023-03-29						
LN10878,CUST1084,4704419,12.52,Education Loan,Closed,2025-03-24						
LN10880,CUST1054,4672580,17.31,Home Loan,Defaulted,2023-08-20						
LN10882,CUST1046,4547968,10.79,Personal Loan,Defaulted,2023-11-15						
LN10883,CUST1398,2172827,18.68,Auto Loan,Late,2025-03-12						
LN10885,CUST1237,2118671,7.71,Business Loan,Closed,2023-09-10						
LN10889,CUST1315,3542963,19.11,Home Loan,Defaulted,2023-08-09						
LN10890,CUST1467,4557167,21.12,Home Loan,Late,2025-08-12						
LN10891,CUST1453,2277039,10.18,Business Loan,Late,2023-02-24						
LN10893,CUST1385,1433875,9.76,Personal Loan,Late,2025-06-29						
LN10894,CUST1262,1926336,9.72,Business Loan,Closed,2024-06-19						
LN10898,CUST1258,2518665,12.14,Education Loan,Late,2025-12-24						
LN10899,CUST1282,2959984,5.16,Business Loan,Closed,2023-09-21						
LN10900,CUST1113,742924,19.59,Home Loan,Closed,2023-06-24						
LN10902,CUST1039,1711655,21.09,Auto Loan,Closed,2025-10-05						
LN10905,CUST1219,4839125,9.21,Auto Loan,Closed,2024-06-03						
LN10907,CUST1007,1073920,11.19,Home Loan,Defaulted,2024-04-18						
LN10909,CUST1415,3869712,5.11,Business Loan,Closed,2023-01-24						
LN10911,CUST1175,2523199,14.10,Personal Loan,Closed,2024-09-18						
LN10914,CUST1259,3725002,7.24,Auto Loan,Late,2023-05-12						
LN10916,CUST1453,313625,8.31,Home Loan,Defaulted,2025-09-12						
LN10917,CUST1365,892840,6.58,Personal Loan,Late,2025-01-22						
LN10920,CUST1031,4272102,8.77,Education Loan,Closed,2024-11-03						
LN10921,CUST1136,665937,10.40,Home Loan,Late,2023-07-15						
LN10922,CUST1011,1425607,9.41,Business Loan,Late,2025-04-27						
LN10924,CUST1301,3606210,6.53,Business Loan,Defaulted,2023-08-20						
LN10926,CUST1015,2059606,5.86,Education Loan,Late,2023-01-27						
LN10927,CUST1128,1609757,15.65,Personal Loan,Late,2023-10-20						
LN10932,CUST1157,873759,19.80,Home Loan,Defaulted,2025-11-19						
LN10936,CUST1411,1185627,16.79,Home Loan,Late,2024-04-15						
LN10937,CUST1101,2297805,14.40,Home Loan,Closed,2024-10-24						
LN10940,CUST1246,142036,10.04,Education Loan,Late,2025-04-30						
LN10941,CUST1127,903392,20.48,Personal Loan,Defaulted,2024-03-30						
LN10946,CUST1352,1040029,7.13,Auto Loan,Closed,2025-04-09						
LN10947,CUST1195,204692,7.91,Auto Loan,Late,2023-03-09						
LN10949,CUST1403,2441098,14.94,Education Loan,Defaulted,2023-06-24						
LN10951,CUST1153,2635917,18.65,Education Loan,Closed,2024-05-05						
LN10952,CUST1381,4887231,9.19,Personal Loan,Closed,2025-12-03						
LN10955,CUST1188,3804542,10.73,Home Loan,Closed,2025-02-09						
LN10959,CUST1371,4623574,16.02,Auto Loan,Late,2023-07-27						
LN10961,CUST1433,1618146,18.44,Home Loan,Defaulted,2023-11-16						
LN10963,CUST1210,4086405,14.27,Education Loan,Defaulted,2024-02-16						
LN10964,CUST1059,597219,6.80,Personal Loan,Closed,2025-07-24						
LN10965,CUST1427,2236268,5.77,Business Loan,Late,2023-03-29						
LN10967,CUST1394,4037793,14.10,Home Loan,Closed,2025-05-15						
LN10968,CUST1449,1674777,6.39,Personal Loan,Closed,2025-05-13						
LN10973,CUST1212,2376729,13.58,Education Loan,Late,2025-10-14						
LN10976,CUST1469,1947883,10.98,Home Loan,Closed,2024-09-14						
LN10980,CUST1285,3716344,21.75,Business Loan,Late,2025-09-05						
LN10981,CUST1473,3576362,18.06,Education Loan,Late,2025-03-30						
LN10982,CUST1495,793088,12.38,Auto Loan,Late,2024-09-05						
LN10984,CUST1155,2645834,15.52,Home Loan,Defaulted,2025-08-13						
LN10988,CUST1416,4154399,5.40,Auto Loan,Closed,2025-07-20						
LN10993,CUST1040,572154,15.25,Personal Loan,Closed,2025-08-20						
LN10995,CUST1430,1061930,9.31,Auto Loan,Closed,2024-09-19						
LN10997,CUST1313,1835818,13.37,Personal Loan,Defaulted,2025-04-11						
LN10998,CUST1074,3001720,8.32,Education Loan,Closed,2024-08-29						
LN10000,CUST1037,4679375,16.83,Education Loan,Active,2024-04-02						
LN10001,CUST1499,3539429,12.79,Auto Loan,Active,2023-04-21						
LN10002,CUST1225,2558426,6.57,Auto Loan,Active,2024-02-12						
LN10125,CUST1498,2884837,17.62,Home Loan,Active,2025-07-26						
LN10126,CUST1004,3669348,6.30,Auto Loan,Active,2025-11-29						
LN10129,CUST1265,4797395,8.67,Personal Loan,Active,2024-02-29						
LN10130,CUST1344,2820742,18.76,Business Loan,Active,2023-07-06						
LN10132,CUST1381,3632299,15.75,Home Loan,Active,2025-10-01						
LN10134,CUST1177,320914,9.62,Personal Loan,Active,2023-08-18						
LN10137,CUST1055,4524017,20.36,Education Loan,Active,2025-04-23						
LN10138,CUST1462,1084586,6.32,Auto Loan,Active,2023-03-17						
LN10139,CUST1456,1796688,19.09,Business Loan,Active,2023-08-23						
LN10141,CUST1082,2711637,13.87,Business Loan,Active,2024-05-18						
LN10143,CUST1098,2134504,20.03,Auto Loan,Active,2023-03-23						
LN10144,CUST1148,4207137,10.86,Education Loan,Active,2023-10-09						
LN10145,CUST1328,2304736,12.85,Home Loan,Active,2025-06-16						
LN10146,CUST1155,3071372,12.05,Home Loan,Active,2025-08-12						
LN10150,CUST1262,2521378,11.99,Education Loan,Active,2024-05-20						
LN10154,CUST1096,3422455,12.30,Personal Loan,Active,2023-03-06						
LN10155,CUST1259,4318173,17.59,Business Loan,Active,2024-03-10						
LN10156,CUST1259,919807,19.67,Education Loan,Active,2024-07-19						
LN10158,CUST1039,4120028,18.42,Personal Loan,Active,2023-09-02						
LN10159,CUST1272,2714496,10.05,Personal Loan,Active,2023-01-22						
LN10160,CUST1100,2922176,14.20,Personal Loan,Active,2025-06-29						
LN10163,CUST1307,2643659,17.45,Home Loan,Active,2023-10-06						
LN10164,CUST1220,4216233,19.99,Personal Loan,Active,2023-07-21						
LN10171,CUST1062,2329176,7.84,Education Loan,Active,2023-04-12						
LN10175,CUST1061,4157834,17.74,Personal Loan,Active,2023-03-04						
LN10176,CUST1255,2458630,14.72,Education Loan,Active,2024-10-19						
LN10177,CUST1482,1644918,21.77,Education Loan,Active,2023-08-19						
LN10178,CUST1006,4718170,12.05,Business Loan,Active,2023-05-03						
LN10179,CUST1154,2752994,17.82,Business Loan,Active,2025-12-09						
LN10181,CUST1469,4952444,16.54,Auto Loan,Active,2023-08-04						
LN10182,CUST1013,242512,12.00,Auto Loan,Active,2025-12-27						
LN10183,CUST1454,3764379,17.81,Business Loan,Active,2025-08-18						
LN10185,CUST1085,4954948,10.57,Business Loan,Active,2025-08-12						
LN10186,CUST1132,1599420,14.29,Education Loan,Active,2025-11-21						
LN10188,CUST1385,3398924,5.38,Home Loan,Active,2024-06-14						
LN10191,CUST1404,3854409,13.43,Business Loan,Active,2025-11-03						
LN10192,CUST1245,3014932,20.86,Personal Loan,Active,2025-03-01						
LN10194,CUST1078,1570982,21.67,Auto Loan,Active,2024-10-08						
LN10195,CUST1148,3379693,13.71,Auto Loan,Active,2025-12-20						
LN10196,CUST1137,4048422,6.94,Business Loan,Active,2024-10-25						
LN10198,CUST1313,2214563,16.54,Auto Loan,Active,2025-11-23						
LN10201,CUST1388,4458285,18.20,Personal Loan,Active,2025-12-06						
LN10202,CUST1064,2434291,15.39,Home Loan,Active,2023-11-27						
LN10204,CUST1212,2705982,16.45,Personal Loan,Active,2023-07-29						
LN10206,CUST1241,3294967,20.06,Business Loan,Active,2023-09-21						
LN10207,CUST1492,3035696,8.77,Business Loan,Active,2025-08-25						
LN10208,CUST1212,487625,17.15,Personal Loan,Active,2025-01-17						
LN10209,CUST1180,3351106,19.99,Business Loan,Active,2024-01-16						
LN10210,CUST1337,1422070,17.43,Education Loan,Active,2024-04-07						
LN10212,CUST1172,2643726,17.79,Home Loan,Active,2023-06-09						
LN10213,CUST1159,4068280,12.91,Personal Loan,Active,2025-07-03						
LN10214,CUST1163,2592017,19.86,Auto Loan,Active,2023-04-03						
LN10216,CUST1482,1620057,7.17,Business Loan,Active,2023-06-08						
LN10218,CUST1187,906626,14.04,Education Loan,Active,2024-05-03						
LN10219,CUST1394,2211352,13.68,Education Loan,Active,2023-08-08						
LN10220,CUST1190,156022,18.95,Education Loan,Active,2024-06-16						
LN10222,CUST1307,3257796,13.23,Education Loan,Active,2024-01-30						
LN10223,CUST1255,520529,5.23,Home Loan,Active,2023-05-18						
LN10224,CUST1182,3033516,11.97,Education Loan,Active,2023-08-24						
LN10226,CUST1281,3884242,5.26,Personal Loan,Active,2025-10-14						
LN10227,CUST1195,3332831,9.77,Personal Loan,Active,2023-11-05						
LN10228,CUST1033,4468909,8.54,Business Loan,Active,2023-09-27						
LN10229,CUST1051,734029,5.71,Home Loan,Active,2025-02-08						
LN10232,CUST1081,4465276,17.63,Personal Loan,Active,2025-09-03						
LN10233,CUST1231,4049694,19.41,Home Loan,Active,2024-02-05						
LN10234,CUST1226,3358505,14.27,Education Loan,Active,2024-05-25						
LN10235,CUST1232,258944,21.69,Auto Loan,Active,2025-02-26						
LN10236,CUST1220,2875494,12.66,Personal Loan,Active,2025-05-28						
LN10243,CUST1396,4738482,6.19,Home Loan,Active,2023-08-19						
LN10245,CUST1104,1947501,15.34,Business Loan,Active,2023-10-30						
LN10246,CUST1191,4804619,17.01,Personal Loan,Active,2024-02-04						
LN10248,CUST1119,3935250,11.28,Business Loan,Active,2024-08-28						
LN10249,CUST1392,653291,5.77,Personal Loan,Active,2024-01-05						
LN10251,CUST1128,2711198,20.80,Education Loan,Active,2025-01-07						
LN10252,CUST1129,2229431,11.45,Home Loan,Active,2025-09-02						
LN10255,CUST1028,2588143,11.35,Business Loan,Active,2024-12-12						
LN10256,CUST1096,387913,15.74,Education Loan,Active,2023-12-31						
LN10257,CUST1009,3965770,6.62,Personal Loan,Active,2025-05-22						
LN10260,CUST1443,1751243,14.88,Auto Loan,Active,2024-06-05						
LN10261,CUST1231,3937008,12.24,Home Loan,Active,2025-02-23						
LN10262,CUST1276,1862375,14.32,Auto Loan,Active,2023-01-16						
LN10264,CUST1202,3665652,10.95,Home Loan,Active,2023-07-20						
LN10266,CUST1289,857744,17.89,Auto Loan,Active,2025-03-31						
LN10270,CUST1199,67297,11.57,Business Loan,Active,2024-06-27						
LN10273,CUST1400,3315962,11.64,Home Loan,Active,2025-01-15						
LN10278,CUST1466,1383572,18.16,Personal Loan,Active,2025-11-02						
LN10279,CUST1068,4755907,19.49,Home Loan,Active,2024-05-23						
LN10280,CUST1415,665863,14.21,Personal Loan,Active,2024-05-26						
LN10284,CUST1100,878791,17.12,Home Loan,Active,2024-06-17						
LN10285,CUST1007,3870887,11.57,Auto Loan,Active,2025-11-15						
LN10287,CUST1199,4889498,8.15,Education Loan,Active,2023-07-05						
LN10288,CUST1086,4445564,15.20,Business Loan,Active,2024-06-23						
LN10290,CUST1384,3928450,19.77,Business Loan,Active,2025-08-06						
LN10291,CUST1108,3083349,17.31,Personal Loan,Active,2025-07-17						
LN10292,CUST1434,1571466,17.68,Auto Loan,Active,2023-10-20						
LN10293,CUST1407,2530252,14.48,Personal Loan,Active,2025-01-01						
LN10295,CUST1151,4952825,7.27,Business Loan,Active,2024-10-21						
LN10296,CUST1016,3935180,12.55,Business Loan,Active,2024-07-08						
LN10297,CUST1132,3660793,12.66,Home Loan,Active,2023-05-16						
LN10299,CUST1276,3130977,12.33,Personal Loan,Active,2025-01-08						
LN10301,CUST1313,2022424,14.07,Education Loan,Active,2023-04-15						
LN10302,CUST1414,1386092,15.82,Business Loan,Active,2025-11-24						
LN10303,CUST1365,900350,17.72,Business Loan,Active,2025-01-01						
LN10306,CUST1435,217647,19.04,Education Loan,Active,2023-03-09						
LN10307,CUST1398,2383679,12.87,Home Loan,Active,2024-09-12						
LN10309,CUST1390,1733523,16.13,Home Loan,Active,2024-09-18						
LN10311,CUST1027,4377308,6.07,Business Loan,Active,2024-12-31						
LN10316,CUST1260,2878630,18.37,Auto Loan,Active,2023-03-31						
LN10318,CUST1351,3129042,17.71,Education Loan,Active,2023-07-01						
LN10319,CUST1007,2812081,7.56,Education Loan,Active,2025-03-04						
LN10323,CUST1110,3127099,12.06,Auto Loan,Active,2024-02-07						
LN10326,CUST1219,4637878,15.71,Business Loan,Active,2024-11-10						
LN10327,CUST1336,1722795,19.59,Education Loan,Active,2023-02-03						
LN10328,CUST1222,4143886,18.32,Auto Loan,Active,2025-04-29						
LN10329,CUST1135,2304103,12.29,Education Loan,Active,2023-02-13						
LN10334,CUST1449,1242931,16.34,Education Loan,Active,2025-08-20						
LN10336,CUST1433,921522,17.72,Business Loan,Active,2025-05-25						
LN10338,CUST1048,4422216,17.02,Education Loan,Active,2025-11-06						
LN10340,CUST1381,652276,19.05,Education Loan,Active,2024-04-19						
LN10341,CUST1323,1550134,20.35,Home Loan,Active,2024-11-19						
LN10343,CUST1104,1755243,18.62,Education Loan,Active,2024-04-23						
LN10345,CUST1216,4072928,5.10,Personal Loan,Active,2025-04-11						
LN10347,CUST1118,3025605,14.71,Personal Loan,Active,2024-02-01						
LN10348,CUST1189,4938639,10.17,Auto Loan,Active,2025-07-26						
LN10349,CUST1254,838140,10.41,Business Loan,Active,2024-03-12						
LN10350,CUST1369,3608539,21.34,Business Loan,Active,2025-12-11						
LN10351,CUST1265,3796037,20.16,Auto Loan,Active,2025-04-22						
LN10352,CUST1148,2173238,19.44,Personal Loan,Active,2024-07-31						
LN10353,CUST1163,4776276,11.90,Education Loan,Active,2023-12-22						
LN10354,CUST1139,4638727,5.23,Auto Loan,Active,2023-09-19						
LN10357,CUST1257,2982235,5.27,Business Loan,Active,NULL						
LN10360,CUST1180,2277503,17.00,Personal Loan,Active,2024-03-21						
LN10362,CUST1350,3120771,7.25,Auto Loan,Active,2023-04-20						
LN10363,CUST1399,1193647,13.70,Personal Loan,Active,2024-02-22						
LN10364,CUST1287,3661646,5.09,Home Loan,Active,2023-10-21						
LN10367,CUST1225,4172186,11.84,Auto Loan,Active,2024-11-27						
LN10368,CUST1010,471280,11.64,Personal Loan,Active,2023-08-03						
LN10370,CUST1270,391207,15.85,Home Loan,Active,2023-07-06						
LN10371,CUST1272,1280746,17.46,Home Loan,Active,2025-07-04						
LN10377,CUST1487,1522178,11.45,Home Loan,Active,2024-11-25						
LN10378,CUST1314,1212189,11.32,Home Loan,Active,2024-07-14						
LN10379,CUST1333,3920426,15.51,Auto Loan,Active,2023-02-20						
LN10382,CUST1113,3726158,12.53,Education Loan,Active,2024-11-16						
LN10384,CUST1499,175438,19.64,Education Loan,Active,2025-08-12						
LN10385,CUST1413,3820183,12.84,Business Loan,Active,2024-04-01						
LN10386,CUST1467,1967043,20.98,Auto Loan,Active,2023-11-18						
LN10387,CUST1212,2249391,13.57,Business Loan,Active,2025-06-02						
LN10389,CUST1287,2851445,19.16,Education Loan,Active,2023-02-19						
LN10392,CUST1112,2914140,6.87,Business Loan,Active,2025-01-26						
LN10394,CUST1404,231948,15.74,Personal Loan,Active,2023-04-05						
LN10395,CUST1482,2632814,5.92,Education Loan,Active,2025-03-11						
LN10396,CUST1121,3819457,15.95,Business Loan,Active,2023-09-21						
LN10398,CUST1221,1003692,6.19,Education Loan,Active,2025-05-24						
LN10399,CUST1118,267770,14.43,Education Loan,Active,2024-12-04						
LN10400,CUST1038,4149906,17.71,Business Loan,Active,2024-06-03						
LN10401,CUST1496,4886917,18.77,Business Loan,Active,2023-03-22						
LN10403,CUST1232,2752882,8.47,Personal Loan,Active,2023-08-12						
LN10404,CUST1430,1840008,5.72,Personal Loan,Active,2023-05-11						
LN10405,CUST1017,1876525,14.86,Business Loan,Active,2024-08-18						
LN10406,CUST1148,4563070,12.70,Education Loan,Active,2023-07-20						
LN10408,CUST1148,4516951,6.03,Education Loan,Active,2023-10-17						
LN10410,CUST1391,1528768,5.42,Business Loan,Active,2023-10-02						
LN10411,CUST1301,1615213,7.91,Home Loan,Active,2024-07-10						
LN10413,CUST1237,738152,12.73,Education Loan,Active,2024-03-03						
LN10416,CUST1235,2928350,15.86,Auto Loan,Active,2024-03-04						
LN10417,CUST1223,1218932,21.21,Home Loan,Active,2025-08-20						
LN10419,CUST1255,2581528,14.94,Education Loan,Active,2024-01-08						
LN10420,CUST1085,2158542,19.17,Personal Loan,Active,2024-06-05						
LN10421,CUST1149,987635,15.92,Home Loan,Active,2024-10-17						
LN10422,CUST1234,3552626,6.34,Auto Loan,Active,2023-09-28						
LN10424,CUST1021,3866126,6.61,Home Loan,Active,2023-04-25						
LN10425,CUST1347,3116983,15.10,Home Loan,Active,2024-09-14						
LN10427,CUST1268,2168433,6.13,Personal Loan,Active,2025-07-19						
LN10428,CUST1465,4506397,8.92,Home Loan,Active,2023-09-16						
LN10430,CUST1028,4606766,15.48,Personal Loan,Active,2024-03-16						
LN10433,CUST1435,1864188,15.15,Personal Loan,Active,2025-07-04						
LN10434,CUST1282,2157359,13.53,Home Loan,Active,2025-02-06						
LN10435,CUST1049,268401,21.60,Business Loan,Active,2023-03-19						
LN10436,CUST1094,1035132,16.62,Education Loan,Active,2025-09-16						
LN10439,CUST1406,3217759,20.04,Auto Loan,Active,2025-07-20						
LN10443,CUST1277,1242097,16.75,Auto Loan,Active,2025-03-15						
LN10444,CUST1170,237771,15.25,Business Loan,Active,2025-03-31						
LN10445,CUST1420,287199,15.52,Personal Loan,Active,2023-01-12						
LN10447,CUST1352,2782481,18.19,Personal Loan,Active,2024-02-03						
LN10449,CUST1002,2324316,10.91,Business Loan,Active,2025-03-02						
LN10450,CUST1190,3652615,12.40,Home Loan,Active,2024-07-15						
LN10451,CUST1117,1633214,11.73,Personal Loan,Active,2024-07-02						
LN10453,CUST1022,563313,20.16,Home Loan,Active,2024-07-25						
LN10455,CUST1029,3264215,14.38,Home Loan,Active,2025-07-14						
LN10456,CUST1294,3510989,18.42,Auto Loan,Active,2023-03-10						
LN10457,CUST1107,2382214,12.08,Business Loan,Active,2025-12-11						
LN10458,CUST1366,2380229,7.86,Auto Loan,Active,2024-02-16						
LN10459,CUST1280,1913462,13.07,Education Loan,Active,2023-11-21						
LN10460,CUST1127,704224,5.94,Education Loan,Active,2025-02-22						
LN10461,CUST1228,2300397,21.02,Education Loan,Active,2024-04-20						
LN10462,CUST1110,2049284,6.27,Home Loan,Active,2025-10-09						
LN10465,CUST1185,504418,21.75,Auto Loan,Active,2024-08-01						
LN10468,CUST1128,4906854,5.15,Education Loan,Active,2024-03-16						
LN10471,CUST1002,4858163,15.72,Education Loan,Active,2023-11-29						
LN10472,CUST1448,1648099,8.74,Auto Loan,Active,2025-05-02						
LN10474,CUST1103,3863233,19.05,Business Loan,Active,2025-02-28						
LN10475,CUST1482,1261569,11.22,Business Loan,Active,2025-09-10						
LN10476,CUST1223,4611307,11.01,Business Loan,Active,2024-04-28						
LN10477,CUST1319,1245885,10.14,Education Loan,Active,2024-08-19						
LN10481,CUST1472,3438445,18.21,Home Loan,Active,2025-05-22						
LN10482,CUST1009,2792974,6.30,Home Loan,Active,2024-08-23						
LN10483,CUST1404,3542099,21.77,Business Loan,Active,2024-03-06						
LN10484,CUST1383,1329180,9.61,Business Loan,Active,2025-02-07						
LN10485,CUST1301,3383178,6.68,Business Loan,Active,2024-05-01						
LN10488,CUST1410,1858286,15.49,Personal Loan,Active,2024-06-05						
LN10490,CUST1424,4915313,13.13,Personal Loan,Active,2025-03-20						
LN10491,CUST1111,4413089,18.27,Business Loan,Active,2025-12-07						
LN10493,CUST1392,4424142,10.30,Business Loan,Active,2025-04-18						
LN10496,CUST1085,491904,19.88,Personal Loan,Active,2025-08-09						
LN10498,CUST1089,887393,21.73,Home Loan,Active,2025-12-17						
LN10499,CUST1313,3395503,11.73,Education Loan,Active,2025-11-13						
LN10500,CUST1053,864422,17.16,Auto Loan,Active,2024-04-21						
LN10501,CUST1011,784983,9.79,Business Loan,Active,2024-05-28						
LN10503,CUST1461,3185812,8.24,Business Loan,Active,2024-10-09						
LN10506,CUST1417,2988687,21.86,Personal Loan,Active,2025-05-24						
LN10508,CUST1376,2381256,8.39,Personal Loan,Active,2025-06-10						
LN10509,CUST1019,3739024,5.76,Education Loan,Active,2025-12-21						
LN10510,CUST1074,4446650,7.15,Personal Loan,Active,2024-12-04						
LN10511,CUST1399,3752418,14.56,Education Loan,Active,2023-05-05						
LN10512,CUST1242,2331608,18.01,Auto Loan,Active,2023-02-13						
LN10514,CUST1069,3691771,5.27,Home Loan,Active,2025-11-04						
LN10515,CUST1311,4129441,13.89,Home Loan,Active,2025-05-25						
LN10519,CUST1131,1617343,16.68,Business Loan,Active,2024-01-17						
LN10524,CUST1393,2126475,16.88,Education Loan,Active,2024-08-15						
LN10525,CUST1023,2191912,12.07,Home Loan,Active,2025-07-03						
LN10526,CUST1226,3194311,13.74,Business Loan,Active,2023-03-01						
LN10527,CUST1153,335622,20.36,Education Loan,Active,2025-08-02						
LN10529,CUST1229,1956862,18.90,Auto Loan,Active,2024-04-19						
LN10532,CUST1487,717540,13.72,Auto Loan,Active,2024-11-08						
LN10533,CUST1358,2245690,19.78,Auto Loan,Active,2024-01-22						
LN10536,CUST1037,3032410,20.85,Business Loan,Active,2025-11-02						
LN10537,CUST1429,1454355,17.61,Home Loan,Active,2024-04-14						
LN10538,CUST1259,2725480,9.75,Education Loan,Active,2023-10-02						
LN10540,CUST1056,2514722,19.53,Home Loan,Active,2025-12-02						
LN10542,CUST1019,2300229,19.52,Auto Loan,Active,2023-02-21						
LN10543,CUST1272,1572534,13.34,Education Loan,Active,2024-08-09						
LN10544,CUST1118,1772907,11.91,Education Loan,Active,2025-03-20						
LN10545,CUST1070,2565967,20.35,Home Loan,Active,2024-02-09						
LN10546,CUST1003,4725112,15.27,Personal Loan,Active,2023-09-03						
LN10547,CUST1220,2920574,14.80,Education Loan,Active,2024-10-08						
LN10548,CUST1013,2938939,14.50,Education Loan,Active,2023-05-24						
LN10549,CUST1002,4036280,11.31,Personal Loan,Active,2024-05-17						
LN10550,CUST1215,2094940,18.36,Home Loan,Active,2025-05-05						
LN10552,CUST1335,3222382,20.96,Home Loan,Active,2025-04-11						
LN10553,CUST1185,3931857,20.20,Auto Loan,Active,2025-07-30						
LN10556,CUST1387,4789400,14.74,Auto Loan,Active,2023-07-21						
LN10560,CUST1161,388540,9.29,Education Loan,Active,2024-05-15						
LN10562,CUST1081,1468412,13.87,Business Loan,Active,2024-11-06						
LN10565,CUST1187,922328,15.60,Education Loan,Active,2024-10-31						
LN10567,CUST1402,3160691,5.91,Home Loan,Active,2023-04-17						
LN10569,CUST1318,3350354,8.94,Auto Loan,Active,2025-10-30						
LN10570,CUST1365,1344315,9.51,Home Loan,Active,2024-04-09						
LN10571,CUST1210,2625508,14.42,Personal Loan,Active,NULL						
LN10573,CUST1151,1408311,10.00,Education Loan,Active,2024-04-10						
LN10574,CUST1108,4560784,9.03,Business Loan,Active,2024-06-16						
LN10575,CUST1075,1339467,21.12,Home Loan,Active,2024-07-18						
LN10577,CUST1313,2620466,15.37,Home Loan,Active,2023-05-01						
LN10578,CUST1485,3705180,20.72,Education Loan,Active,2024-09-03						
LN10579,CUST1116,4533120,18.36,Home Loan,Active,2024-10-20						
LN10580,CUST1414,840645,15.03,Personal Loan,Active,2023-03-26						
LN10581,CUST1355,3337093,5.11,Business Loan,Active,2024-01-03						
LN10582,CUST1191,1067481,18.13,Auto Loan,Active,2025-09-08						
LN10584,CUST1431,112507,15.46,Auto Loan,Active,2024-09-29						
LN10585,CUST1172,1155710,17.93,Education Loan,Active,2025-10-28						
LN10586,CUST1227,2388377,13.72,Business Loan,Active,2023-11-06						
LN10590,CUST1182,1659473,17.04,Home Loan,Active,2023-10-08						
LN10591,CUST1480,1761952,13.09,Home Loan,Active,2023-09-27						
LN10592,CUST1145,787954,16.46,Auto Loan,Active,2023-01-08						
LN10593,CUST1318,2958056,17.97,Business Loan,Active,2025-03-12						
LN10594,CUST1115,757173,5.77,Home Loan,Active,2025-04-05						
LN10598,CUST1250,3030248,12.96,Auto Loan,Active,2024-03-28						
LN10600,CUST1458,2803913,7.10,Education Loan,Active,2024-01-13						
LN10601,CUST1312,2585232,15.65,Education Loan,Active,2024-08-10						
LN10603,CUST1300,4582688,19.50,Auto Loan,Active,2025-08-26						
LN10604,CUST1160,2879915,20.78,Home Loan,Active,2024-06-18						
LN10605,CUST1400,2413162,21.94,Business Loan,Active,2023-04-29						
LN10608,CUST1147,2742794,8.66,Home Loan,Active,2023-05-09						
LN10610,CUST1046,2395704,12.92,Auto Loan,Active,2023-11-10						
LN10611,CUST1474,4631025,18.15,Personal Loan,Active,2024-06-15						
LN10615,CUST1077,79336,16.83,Personal Loan,Active,2025-05-05						
LN10619,CUST1136,1936963,14.66,Auto Loan,Active,2025-04-07						
LN10622,CUST1324,4226426,14.46,Business Loan,Active,2024-02-06						
LN10623,CUST1499,3906756,19.56,Home Loan,Active,2024-09-12						
LN10624,CUST1060,1548339,19.20,Personal Loan,Active,2025-11-06						
LN10629,CUST1106,4685352,12.33,Auto Loan,Active,2025-09-11						
LN10630,CUST1112,602439,6.49,Education Loan,Active,2025-10-30						
LN10631,CUST1349,4192535,9.81,Education Loan,Active,2025-07-13						
LN10632,CUST1253,323452,12.12,Personal Loan,Active,2023-04-08						
LN10633,CUST1117,828883,9.97,Auto Loan,Active,2025-04-27						
LN10634,CUST1492,4421047,10.65,Education Loan,Active,2025-08-18						
LN10635,CUST1197,4993772,9.99,Auto Loan,Active,2025-03-06						
LN10636,CUST1336,2239921,5.71,Education Loan,Active,2023-02-07						
LN10637,CUST1364,3248156,15.83,Home Loan,Active,2023-02-28						
LN10638,CUST1050,4872139,15.15,Business Loan,Active,2024-09-05						
LN10639,CUST1244,812371,16.11,Home Loan,Active,2024-07-21						
LN10643,CUST1301,4746671,15.19,Education Loan,Active,2024-12-06						
LN10647,CUST1348,1967160,10.78,Personal Loan,Active,2025-09-24						
LN10652,CUST1404,814265,12.41,Personal Loan,Active,2024-01-07						
LN10653,CUST1073,358617,18.51,Home Loan,Active,2025-03-28						
LN10654,CUST1191,3030346,9.73,Personal Loan,Active,2024-07-03						
LN10656,CUST1355,3686562,10.32,Personal Loan,Active,2024-08-06						
LN10657,CUST1069,2104410,19.44,Education Loan,Active,2023-06-04						
LN10658,CUST1089,2527748,6.51,Education Loan,Active,2025-07-21						
LN10659,CUST1259,784275,21.86,Auto Loan,Active,2023-05-12						
LN10660,CUST1125,1347819,14.20,Business Loan,Active,2025-09-28						
LN10663,CUST1497,606718,12.70,Auto Loan,Active,2023-01-27						
LN10664,CUST1418,1646853,8.37,Personal Loan,Active,2023-06-29						
LN10665,CUST1128,402414,7.80,Personal Loan,Active,2025-12-15						
LN10667,CUST1312,2397693,17.07,Education Loan,Active,2024-02-11						
LN10668,CUST1099,2813545,9.64,Auto Loan,Active,2025-09-01						
LN10669,CUST1325,3566144,10.80,Home Loan,Active,2025-11-28						
LN10674,CUST1363,3927809,6.02,Business Loan,Active,2023-07-15						
LN10675,CUST1187,4926709,20.38,Auto Loan,Active,2025-08-03						
LN10676,CUST1056,1608426,16.01,Business Loan,Active,2024-01-20						
LN10677,CUST1030,3280431,9.64,Auto Loan,Active,2023-09-02						
LN10678,CUST1083,2642316,8.01,Business Loan,Active,2023-09-03						
LN10679,CUST1151,339220,10.00,Personal Loan,Active,2025-03-23						
LN10680,CUST1472,4026765,6.95,Education Loan,Active,2023-09-07						
LN10685,CUST1363,4049453,9.24,Home Loan,Active,2024-04-12						
LN10687,CUST1413,2971989,19.55,Home Loan,Active,2024-11-27						
LN10689,CUST1219,3763543,17.88,Business Loan,Active,2023-12-01						
LN10691,CUST1162,4993082,10.08,Business Loan,Active,2024-12-07						
LN10692,CUST1438,2287035,6.82,Personal Loan,Active,2025-04-11						
LN10694,CUST1269,3158591,17.41,Home Loan,Active,2024-01-17						
LN10700,CUST1478,862283,13.26,Business Loan,Active,2024-02-13						
LN10704,CUST1069,2949033,7.33,Education Loan,Active,2025-02-12						
LN10708,CUST1227,3554438,11.63,Personal Loan,Active,2025-11-09						
LN10709,CUST1183,4630197,11.04,Home Loan,Active,2024-08-12						
LN10710,CUST1106,3095529,5.77,Auto Loan,Active,2025-12-13						
LN10713,CUST1249,1519793,14.88,Home Loan,Active,2024-04-24						
LN10714,CUST1362,4540512,6.80,Business Loan,Active,2025-08-26						
LN10715,CUST1440,4994490,19.84,Auto Loan,Active,2023-11-24						
LN10716,CUST1020,2947706,13.89,Business Loan,Active,2023-05-15						
LN10719,CUST1416,976215,14.53,Business Loan,Active,2024-03-06						
LN10720,CUST1474,3083449,21.03,Business Loan,Active,2023-10-07						
LN10721,CUST1006,1499991,6.41,Education Loan,Active,2025-11-14						
LN10723,CUST1126,474528,18.26,Auto Loan,Active,2023-05-04						
LN10724,CUST1398,2585610,6.68,Education Loan,Active,2025-09-26						
LN10725,CUST1465,2765223,6.29,Business Loan,Active,2024-11-26						
LN10729,CUST1147,189227,8.85,Home Loan,Active,2023-01-03						
LN10730,CUST1471,1823055,20.23,Education Loan,Active,2023-06-07						
LN10731,CUST1142,742137,18.32,Home Loan,Active,2025-08-06						
LN10733,CUST1198,4924196,15.49,Personal Loan,Active,2025-04-23						
LN10737,CUST1491,1535255,18.42,Education Loan,Active,2024-10-16						
LN10738,CUST1375,4206004,17.72,Business Loan,Active,2023-09-03						
LN10739,CUST1383,1856684,14.54,Home Loan,Active,2025-04-14						
LN10742,CUST1164,1444316,18.49,Home Loan,Active,2023-11-30						
LN10743,CUST1313,1951740,5.54,Business Loan,Active,2024-05-27						
LN10746,CUST1068,2345936,7.45,Education Loan,Active,2025-10-02						
LN10748,CUST1086,4691094,5.46,Auto Loan,Active,2023-04-03						
LN10749,CUST1217,2757184,13.90,Personal Loan,Active,2025-08-17						
LN10753,CUST1402,2015730,7.34,Home Loan,Active,2025-07-30						
LN10755,CUST1344,4370614,20.26,Education Loan,Active,2023-06-14						
LN10756,CUST1340,4133290,17.67,Business Loan,Active,2024-08-08						
LN10757,CUST1383,725673,6.30,Personal Loan,Active,2025-08-01						
LN10758,CUST1395,4112224,20.23,Business Loan,Active,2025-02-22						
LN10761,CUST1160,4350915,5.88,Education Loan,Active,2023-07-18						
LN10762,CUST1177,1686675,14.47,Home Loan,Active,2024-08-03						
LN10763,CUST1116,756673,7.65,Personal Loan,Active,2025-02-10						
LN10764,CUST1195,851849,19.19,Personal Loan,Active,2025-05-07						
LN10767,CUST1326,1085891,14.62,Auto Loan,Active,2025-08-28						
LN10768,CUST1085,803494,8.11,Business Loan,Active,2023-05-13						
LN10771,CUST1151,817876,17.95,Business Loan,Active,2023-08-29						
LN10772,CUST1060,3754697,18.29,Education Loan,Active,2023-06-11						
LN10774,CUST1353,1810511,8.47,Auto Loan,Active,2025-03-09						
LN10775,CUST1027,4634074,5.28,Education Loan,Active,2023-11-03						
LN10781,CUST1176,1834006,10.30,Personal Loan,Active,2024-03-23						
LN10782,CUST1016,4963478,9.25,Home Loan,Active,2025-01-01						
LN10783,CUST1097,678889,16.12,Education Loan,Active,2025-08-01						
LN10784,CUST1453,2417108,15.53,Auto Loan,Active,2025-11-07						
LN10789,CUST1329,3369151,9.07,Business Loan,Active,2025-02-21						
LN10790,CUST1340,275391,13.71,Auto Loan,Active,2023-08-22						
LN10797,CUST1329,4607220,20.98,Education Loan,Active,2024-03-24						
LN10800,CUST1367,2519146,12.45,Education Loan,Active,2024-08-12						
LN10802,CUST1124,736268,21.36,Auto Loan,Active,2023-09-03						
LN10804,CUST1085,1161009,17.75,Business Loan,Active,2025-10-14						
LN10806,CUST1343,4517223,14.14,Auto Loan,Active,2025-03-14						
LN10808,CUST1423,2494291,8.69,Personal Loan,Active,2023-09-18						
LN10809,CUST1293,197745,9.90,Education Loan,Active,2025-02-14						
LN10810,CUST1443,3842824,14.46,Auto Loan,Active,2023-02-20						
LN10812,CUST1137,187686,20.42,Home Loan,Active,2024-08-14						
LN10813,CUST1098,2117636,7.66,Education Loan,Active,2025-03-16						
LN10815,CUST1242,2033044,13.81,Personal Loan,Active,2024-05-28						
LN10817,CUST1048,3364344,6.63,Home Loan,Active,2024-12-03						
LN10819,CUST1031,2572620,21.47,Home Loan,Active,2025-05-18						
LN10820,CUST1390,2413128,9.46,Education Loan,Active,2024-10-29						
LN10824,CUST1382,2077320,12.90,Home Loan,Active,2023-10-02						
LN10825,CUST1067,1862105,11.45,Business Loan,Active,2025-07-04						
LN10826,CUST1365,1997238,10.38,Personal Loan,Active,2025-09-10						
LN10828,CUST1213,4859045,6.55,Education Loan,Active,2024-09-06						
LN10829,CUST1142,3611262,10.35,Business Loan,Active,2025-01-21						
LN10830,CUST1375,258859,5.73,Home Loan,Active,2023-04-27						
LN10832,CUST1212,95475,11.77,Home Loan,Active,2023-12-02						
LN10834,CUST1213,3289254,20.19,Home Loan,Active,2023-06-28						
LN10836,CUST1091,894081,5.14,Personal Loan,Active,2024-12-16						
LN10839,CUST1380,1652970,6.83,Business Loan,Active,2025-01-13						
LN10841,CUST1167,4461887,13.51,Business Loan,Active,2023-10-27						
LN10844,CUST1025,1518919,14.31,Auto Loan,Active,2023-11-21						
LN10845,CUST1368,3331941,9.66,Home Loan,Active,2023-12-09						
LN10846,CUST1446,2700324,20.33,Personal Loan,Active,2023-09-26						
LN10847,CUST1065,3460580,8.66,Personal Loan,Active,2024-10-25						
LN10848,CUST1408,3735104,20.03,Auto Loan,Active,2023-04-23						
LN10849,CUST1247,1470858,14.51,Auto Loan,Active,2025-12-17						
LN10850,CUST1253,1798982,19.08,Auto Loan,Active,2023-06-24						
LN10852,CUST1455,4946799,16.84,Education Loan,Active,2024-05-01						
LN10853,CUST1043,128077,10.51,Auto Loan,Active,2025-08-31						
LN10855,CUST1041,1691232,8.59,Home Loan,Active,2024-04-04						
LN10856,CUST1499,4495818,19.57,Education Loan,Active,2024-07-21						
LN10857,CUST1226,4145077,18.95,Business Loan,Active,2023-08-30						
LN10860,CUST1435,970114,11.50,Home Loan,Active,2024-10-16						
LN10862,CUST1088,3579921,12.72,Business Loan,Active,2024-04-10						
LN10866,CUST1402,3416085,12.81,Personal Loan,Active,2025-05-04						
LN10867,CUST1196,4656976,12.33,Business Loan,Active,2024-06-18						
LN10868,CUST1306,4073278,10.18,Auto Loan,Active,2024-03-05						
LN10873,CUST1407,3718280,13.45,Home Loan,Active,2024-06-09						
LN10879,CUST1071,92291,18.55,Auto Loan,Active,2023-08-21						
LN10881,CUST1392,4639058,16.74,Business Loan,Active,2023-04-07						
LN10884,CUST1431,4917951,5.89,Business Loan,Active,2023-01-08						
LN10886,CUST1103,758672,10.71,Personal Loan,Active,2023-11-23						
LN10887,CUST1209,387369,6.31,Business Loan,Active,2024-01-04						
LN10888,CUST1041,4026974,8.99,Home Loan,Active,2023-03-25						
LN10892,CUST1267,346063,9.50,Home Loan,Active,2023-10-29						
LN10895,CUST1335,4006778,5.61,Education Loan,Active,2023-11-01						
LN10896,CUST1386,4803267,20.76,Business Loan,Active,2025-09-08						
LN10897,CUST1364,2937757,8.63,Personal Loan,Active,2025-10-28						
LN10901,CUST1362,2620115,17.43,Auto Loan,Active,2023-03-22						
LN10903,CUST1485,4722412,18.29,Home Loan,Active,2023-02-18						
LN10904,CUST1416,3150498,10.33,Auto Loan,Active,2023-01-13						
LN10906,CUST1128,4720432,16.86,Home Loan,Active,2024-12-31						
LN10908,CUST1100,3861666,14.63,Business Loan,Active,2025-04-09						
LN10910,CUST1379,1083668,6.05,Home Loan,Active,2025-06-28						
LN10912,CUST1106,347675,14.62,Auto Loan,Active,2023-12-25						
LN10913,CUST1100,758175,17.77,Business Loan,Active,2023-05-29						
LN10915,CUST1477,1917306,13.72,Education Loan,Active,2025-12-05						
LN10918,CUST1245,4444643,11.98,Education Loan,Active,2024-08-18						
LN10919,CUST1274,175355,7.78,Education Loan,Active,2025-03-28						
LN10923,CUST1394,69477,6.49,Home Loan,Active,2023-03-19						
LN10925,CUST1374,2537111,8.29,Education Loan,Active,2023-01-03						
LN10928,CUST1062,4649409,9.88,Business Loan,Active,2024-03-15						
LN10929,CUST1108,3482207,9.76,Education Loan,Active,2024-03-21						
LN10930,CUST1374,4517890,10.64,Auto Loan,Active,2025-01-16						
LN10931,CUST1020,1931297,16.27,Personal Loan,Active,2024-09-11						
LN10933,CUST1268,3080855,17.90,Personal Loan,Active,2024-07-15						
LN10934,CUST1161,4579275,17.37,Auto Loan,Active,2025-03-23						
LN10935,CUST1259,181184,13.23,Business Loan,Active,2025-05-19						
LN10938,CUST1222,295300,8.68,Business Loan,Active,2024-02-23						
LN10939,CUST1058,634010,8.55,Personal Loan,Active,2024-05-12						
LN10942,CUST1282,331696,14.31,Auto Loan,Active,2023-10-16						
LN10943,CUST1324,3712340,17.48,Education Loan,Active,2023-12-13						
LN10944,CUST1024,1240456,10.89,Personal Loan,Active,2023-09-28						
LN10945,CUST1130,4479723,11.93,Business Loan,Active,2024-05-03						
LN10948,CUST1280,4507335,19.07,Auto Loan,Active,2025-07-16						
LN10950,CUST1417,1707888,10.74,Home Loan,Active,2024-06-05						
LN10953,CUST1132,1874964,21.59,Home Loan,Active,2025-05-04						
LN10954,CUST1226,1438509,10.86,Personal Loan,Active,2025-02-17						
LN10956,CUST1475,2548214,10.30,Education Loan,Active,2024-11-17						
LN10957,CUST1476,4728083,7.08,Auto Loan,Active,2023-10-30						
LN10958,CUST1264,4814812,6.89,Business Loan,Active,2024-11-17						
LN10960,CUST1485,4158502,19.88,Education Loan,Active,2024-02-23						
LN10962,CUST1133,533455,7.40,Auto Loan,Active,2023-12-04						
LN10966,CUST1376,4495975,16.16,Auto Loan,Active,2023-05-12						
LN10969,CUST1430,2921656,5.59,Education Loan,Active,2025-08-16						
LN10970,CUST1363,4758569,21.83,Business Loan,Active,2024-12-08						
LN10971,CUST1363,3905933,5.51,Home Loan,Active,2025-10-15						
LN10972,CUST1456,4872684,12.56,Education Loan,Active,2025-10-04						
LN10974,CUST1215,3957129,6.99,Auto Loan,Active,2024-10-01						
LN10975,CUST1225,145556,7.87,Auto Loan,Active,2024-05-04						
LN10977,CUST1130,3519992,17.95,Education Loan,Active,2025-04-28						
LN10978,CUST1075,1605537,13.62,Auto Loan,Active,2023-06-22						
LN10979,CUST1475,702755,15.84,Business Loan,Active,2024-09-13						
LN10983,CUST1276,4894747,12.59,Home Loan,Active,2025-05-19						
LN10985,CUST1247,109778,16.31,Home Loan,Active,2023-03-20						
LN10986,CUST1217,1144409,13.51,Business Loan,Active,2025-03-16						
LN10987,CUST1189,2703528,15.96,Auto Loan,Active,2025-09-19						
LN10989,CUST1468,1563083,12.30,Business Loan,Active,2023-11-30						
LN10990,CUST1162,3392103,9.74,Home Loan,Active,2025-06-14						
LN10991,CUST1179,2223513,7.20,Home Loan,Active,2025-09-06						
LN10992,CUST1033,1448949,6.69,Education Loan,Active,2025-10-10						
LN10994,CUST1306,3518582,13.90,Auto Loan,Active,2025-06-07						
LN10996,CUST1337,1129525,13.01,Auto Loan,Active,2024-02-18						
LN10999,CUST1440,1210117,16.09,Personal Loan,Active,2023-08-19						
